Main	0
User	2
Project	4
File	6
Help / Documentation	12
Help / Documentation	13
Category	14
Draft	118
Infrastructure / Templates	10
Infrastructure / Templates	828
Discussion / Talk	1
Discussion / Talk	101
Discussion / Talk	105
Discussion / Talk	11
Discussion / Talk	119
Discussion / Talk	1199
Discussion / Talk	129
Discussion / Talk	131
Discussion / Talk	141
Discussion / Talk	143
Discussion / Talk	15
Discussion / Talk	1705
Discussion / Talk	1729
Discussion / Talk	203
Discussion / Talk	207
Discussion / Talk	251
Discussion / Talk	253
Discussion / Talk	3
Discussion / Talk	461
Discussion / Talk	471
Discussion / Talk	483
Discussion / Talk	487
Discussion / Talk	499
Discussion / Talk	5
Discussion / Talk	5501
Discussion / Talk	641
Discussion / Talk	7
Discussion / Talk	711
Discussion / Talk	829
Discussion / Talk	831
Discussion / Talk	867
Discussion / Talk	9
Discussion / Talk	91
Discussion / Talk	93
Translations	1198
Other	-1
Other	100
Other	102
Other	103
Other	104
Other	106
Other	107
Other	108
Other	109
Other	110
Other	111
Other	112
Other	113
Other	114
Other	115
Other	116
Other	117
Other	120
Other	121
Other	122
Other	124
Other	125
Other	126
Other	127
Other	128
Other	132
Other	136
Other	138
Other	140
Other	142
Other	147
Other	1728
Other	200
Other	201
Other	202
Other	206
Other	250
Other	252
Other	446
Other	447
Other	498
Other	710
Other	8
Other	866
Other	90
Other	92
