project	aa.wikibooks	2015-10-12 00:00:00
project	aa.wikipedia	2015-10-12 00:00:00
project	aa.wiktionary	2015-10-12 00:00:00
project	ab.wikipedia	2015-10-12 00:00:00
project	ab.wiktionary	2015-10-12 00:00:00
project	ace.wikipedia	2015-10-12 00:00:00
project	advisory.wikimedia	2018-09-04 00:00:00
project	ady.wikipedia	2016-02-12 00:00:00
project	af.wikibooks	2015-10-12 00:00:00
project	af.wikipedia	2015-10-12 00:00:00
project	af.wikiquote	2015-10-12 00:00:00
project	af.wiktionary	2015-10-12 00:00:00
project	ak.wikibooks	2015-10-12 00:00:00
project	ak.wikipedia	2015-10-12 00:00:00
project	ak.wiktionary	2015-10-12 00:00:00
project	als.wikibooks	2015-10-12 00:00:00
project	als.wikipedia	2015-10-12 00:00:00
project	als.wikiquote	2015-10-12 00:00:00
project	als.wiktionary	2015-10-12 00:00:00
project	alt.wikipedia	2021-01-13 00:00:00
project	am.wikimedia	2017-10-05 00:00:00
project	am.wikipedia	2015-10-12 00:00:00
project	am.wikiquote	2015-10-12 00:00:00
project	am.wiktionary	2015-10-12 00:00:00
project	ami.wikipedia	2021-10-04 00:00:00
project	an.wikipedia	2015-10-12 00:00:00
project	an.wiktionary	2015-10-12 00:00:00
project	ang.wikibooks	2015-10-12 00:00:00
project	ang.wikipedia	2015-10-12 00:00:00
project	ang.wikiquote	2015-10-12 00:00:00
project	ang.wikisource	2015-10-12 00:00:00
project	ang.wiktionary	2015-10-12 00:00:00
project	anp.wikipedia	2023-03-22 00:00:00
project	api.wikimedia	2020-09-03 12:00:00
project	ar.wikibooks	2015-10-12 00:00:00
project	ar.wikimedia	2016-11-01 00:00:00
project	ar.wikinews	2015-10-12 00:00:00
project	ar.wikipedia	2015-10-12 00:00:00
project	ar.wikiquote	2015-10-12 00:00:00
project	ar.wikisource	2015-10-12 00:00:00
project	ar.wikiversity	2015-10-12 00:00:00
project	ar.wiktionary	2015-10-12 00:00:00
project	arc.wikipedia	2015-10-12 00:00:00
project	ary.wikipedia	2020-07-20 00:00:00
project	arz.wikipedia	2015-10-12 00:00:00
project	as.wikibooks	2015-10-12 00:00:00
project	as.wikipedia	2015-10-12 00:00:00
project	as.wikiquote	2022-10-20 00:00:00
project	as.wikisource	2015-10-12 00:00:00
project	as.wiktionary	2015-10-12 00:00:00
project	ast.wikibooks	2015-10-12 00:00:00
project	ast.wikipedia	2015-10-12 00:00:00
project	ast.wikiquote	2015-10-12 00:00:00
project	ast.wiktionary	2015-10-12 00:00:00
project	atj.wikipedia	2017-06-14 00:00:00
project	av.wikipedia	2015-10-12 00:00:00
project	av.wiktionary	2015-10-12 00:00:00
project	avk.wikipedia	2020-07-29 00:00:00
project	awa.wikipedia	2020-05-20 12:00:00
project	ay.wikibooks	2015-10-12 00:00:00
project	ay.wikipedia	2015-10-12 00:00:00
project	ay.wiktionary	2015-10-12 00:00:00
project	az.wikibooks	2015-10-12 00:00:00
project	az.wikimedia	2022-09-06 00:00:00
project	az.wikipedia	2015-10-12 00:00:00
project	az.wikiquote	2015-10-12 00:00:00
project	az.wikisource	2015-10-12 00:00:00
project	az.wiktionary	2015-10-12 00:00:00
project	azb.wikipedia	2015-10-12 00:00:00
project	ba.wikibooks	2015-10-12 00:00:00
project	ba.wikipedia	2015-10-12 00:00:00
project	ban.wikipedia	2018-10-14 00:00:00
project	ban.wikisource	2021-06-06 00:00:00
project	bar.wikipedia	2015-10-12 00:00:00
project	bat-smg.wikipedia	2015-10-12 00:00:00
project	bbc.wikipedia	2023-11-02 00:00:00
project	bcl.wikipedia	2015-10-12 00:00:00
project	bcl.wikiquote	2022-08-28 00:00:00
project	bcl.wiktionary	2020-12-16 00:00:00
project	bd.wikimedia	2016-11-01 00:00:00
project	be-tarask.wikipedia	2015-10-12 00:00:00
project	be-x-old.wikipedia	2015-10-12 00:00:00
project	be.wikibooks	2015-10-12 00:00:00
project	be.wikimedia	2016-10-20 00:00:00
project	be.wikipedia	2015-10-12 00:00:00
project	be.wikiquote	2015-10-12 00:00:00
project	be.wikisource	2015-10-12 00:00:00
project	be.wiktionary	2015-10-12 00:00:00
project	beta.wikiversity	2015-10-12 00:00:00
project	bg.wikibooks	2015-10-12 00:00:00
project	bg.wikinews	2015-10-12 00:00:00
project	bg.wikipedia	2015-10-12 00:00:00
project	bg.wikiquote	2015-10-12 00:00:00
project	bg.wikisource	2015-10-12 00:00:00
project	bg.wiktionary	2015-10-12 00:00:00
project	bh.wikipedia	2015-10-12 00:00:00
project	bh.wiktionary	2015-10-12 00:00:00
project	bi.wikibooks	2015-10-12 00:00:00
project	bi.wikipedia	2015-10-12 00:00:00
project	bi.wiktionary	2015-10-12 00:00:00
project	bjn.wikibooks	2021-12-12 23:00:00
project	bjn.wikipedia	2015-10-12 00:00:00
project	bjn.wikiquote	2023-11-01 00:00:00
project	bjn.wiktionary	2022-07-06 00:00:00
project	blk.wikipedia	2022-06-17 00:00:00
project	blk.wiktionary	2023-08-04 00:00:00
project	bm.wikibooks	2015-10-12 00:00:00
project	bm.wikipedia	2015-10-12 00:00:00
project	bm.wikiquote	2015-10-12 00:00:00
project	bm.wiktionary	2015-10-12 00:00:00
project	bn.wikibooks	2015-10-12 00:00:00
project	bn.wikipedia	2015-10-12 00:00:00
project	bn.wikiquote	2022-10-03 00:00:00
project	bn.wikisource	2015-10-12 00:00:00
project	bn.wikivoyage	2018-06-07 00:00:00
project	bn.wiktionary	2015-10-12 00:00:00
project	bo.wikibooks	2015-10-12 00:00:00
project	bo.wikipedia	2015-10-12 00:00:00
project	bo.wiktionary	2015-10-12 00:00:00
project	bpy.wikipedia	2015-10-12 00:00:00
project	br.wikimedia	2016-11-01 00:00:00
project	br.wikipedia	2015-10-12 00:00:00
project	br.wikiquote	2015-10-12 00:00:00
project	br.wikisource	2015-10-12 00:00:00
project	br.wiktionary	2015-10-12 00:00:00
project	bs.wikibooks	2015-10-12 00:00:00
project	bs.wikinews	2015-10-12 00:00:00
project	bs.wikipedia	2015-10-12 00:00:00
project	bs.wikiquote	2015-10-12 00:00:00
project	bs.wikisource	2015-10-12 00:00:00
project	bs.wiktionary	2015-10-12 00:00:00
project	btm.wiktionary	2023-05-07 00:00:00
project	bug.wikipedia	2015-10-12 00:00:00
project	bxr.wikipedia	2015-10-12 00:00:00
project	ca.wikibooks	2015-10-12 00:00:00
project	ca.wikimedia	2016-11-01 00:00:00
project	ca.wikinews	2015-10-12 00:00:00
project	ca.wikipedia	2015-10-12 00:00:00
project	ca.wikiquote	2015-10-12 00:00:00
project	ca.wikisource	2015-10-12 00:00:00
project	ca.wiktionary	2015-10-12 00:00:00
project	cbk-zam.wikipedia	2015-10-12 00:00:00
project	cdo.wikipedia	2015-10-12 00:00:00
project	ce.wikipedia	2015-10-12 00:00:00
project	ceb.wikipedia	2015-10-12 00:00:00
project	ch.wikibooks	2015-10-12 00:00:00
project	ch.wikipedia	2015-10-12 00:00:00
project	ch.wiktionary	2015-10-12 00:00:00
project	cho.wikipedia	2015-10-12 00:00:00
project	chr.wikipedia	2015-10-12 00:00:00
project	chr.wiktionary	2015-10-12 00:00:00
project	chy.wikipedia	2015-10-12 00:00:00
project	ckb.wikipedia	2015-10-12 00:00:00
project	ckb.wiktionary	2023-03-29 00:00:00
project	cn.wikimedia	2016-11-01 00:00:00
project	co.wikibooks	2015-10-12 00:00:00
project	co.wikimedia	2016-11-01 00:00:00
project	co.wikipedia	2015-10-12 00:00:00
project	co.wikiquote	2015-10-12 00:00:00
project	co.wiktionary	2015-10-12 00:00:00
project	commons.wikimedia	2015-10-12 00:00:00
project	commons.wikipedia	2018-03-20 00:00:00
project	cr.wikipedia	2015-10-12 00:00:00
project	cr.wikiquote	2015-10-12 00:00:00
project	cr.wiktionary	2015-10-12 00:00:00
project	crh.wikipedia	2015-10-12 00:00:00
project	cs.wikibooks	2015-10-12 00:00:00
project	cs.wikinews	2015-10-12 00:00:00
project	cs.wikipedia	2015-10-12 00:00:00
project	cs.wikiquote	2015-10-12 00:00:00
project	cs.wikisource	2015-10-12 00:00:00
project	cs.wikiversity	2015-10-12 00:00:00
project	cs.wiktionary	2015-10-12 00:00:00
project	csb.wikipedia	2015-10-12 00:00:00
project	csb.wiktionary	2015-10-12 00:00:00
project	cu.wikipedia	2015-10-12 00:00:00
project	cv.wikibooks	2015-10-12 00:00:00
project	cv.wikipedia	2015-10-12 00:00:00
project	cy.wikibooks	2015-10-12 00:00:00
project	cy.wikipedia	2015-10-12 00:00:00
project	cy.wikiquote	2015-10-12 00:00:00
project	cy.wikisource	2015-10-12 00:00:00
project	cy.wiktionary	2015-10-12 00:00:00
project	da.wikibooks	2015-10-12 00:00:00
project	da.wikipedia	2015-10-12 00:00:00
project	da.wikiquote	2015-10-12 00:00:00
project	da.wikisource	2015-10-12 00:00:00
project	da.wiktionary	2015-10-12 00:00:00
project	dag.wikipedia	2021-06-07 00:00:00
project	de.wikibooks	2015-10-12 00:00:00
project	de.wikinews	2015-10-12 00:00:00
project	de.wikipedia	2015-10-12 00:00:00
project	de.wikiquote	2015-10-12 00:00:00
project	de.wikisource	2015-10-12 00:00:00
project	de.wikiversity	2015-10-12 00:00:00
project	de.wikivoyage	2015-10-12 00:00:00
project	de.wiktionary	2015-10-12 00:00:00
project	dga.wikipedia	2023-11-01 00:00:00
project	din.wikipedia	2017-07-12 00:00:00
project	diq.wikipedia	2015-10-12 00:00:00
project	diq.wiktionary	2020-12-16 00:00:00
project	dk.wikimedia	2016-11-01 00:00:00
project	dsb.wikipedia	2015-10-12 00:00:00
project	dty.wikipedia	2017-04-27 00:00:00
project	dv.wikipedia	2015-10-12 00:00:00
project	dv.wiktionary	2015-10-12 00:00:00
project	dz.wikipedia	2015-10-12 00:00:00
project	dz.wiktionary	2015-10-12 00:00:00
project	ec.wikimedia	2016-11-08 00:00:00
project	ee.wikimedia	2016-11-01 00:00:00
project	ee.wikipedia	2015-10-12 00:00:00
project	el.wikibooks	2015-10-12 00:00:00
project	el.wikinews	2015-10-12 00:00:00
project	el.wikipedia	2015-10-12 00:00:00
project	el.wikiquote	2015-10-12 00:00:00
project	el.wikisource	2015-10-12 00:00:00
project	el.wikiversity	2015-10-12 00:00:00
project	el.wikivoyage	2015-10-12 00:00:00
project	el.wiktionary	2015-10-12 00:00:00
project	eml.wikipedia	2015-10-12 00:00:00
project	en.wikibooks	2015-10-12 00:00:00
project	en.wikidata	2021-01-27 00:00:00
project	en.wikinews	2015-10-12 00:00:00
project	en.wikipedia	2015-10-12 00:00:00
project	en.wikiquote	2015-10-12 00:00:00
project	en.wikisource	2015-10-12 00:00:00
project	en.wikiversity	2015-10-12 00:00:00
project	en.wikivoyage	2015-10-12 00:00:00
project	en.wiktionary	2015-10-12 00:00:00
project	eo.wikibooks	2015-10-12 00:00:00
project	eo.wikinews	2015-10-12 00:00:00
project	eo.wikipedia	2015-10-12 00:00:00
project	eo.wikiquote	2015-10-12 00:00:00
project	eo.wikisource	2015-10-12 00:00:00
project	eo.wikivoyage	2020-12-04 00:00:00
project	eo.wiktionary	2015-10-12 00:00:00
project	es.wikibooks	2015-10-12 00:00:00
project	es.wikinews	2015-10-12 00:00:00
project	es.wikipedia	2015-10-12 00:00:00
project	es.wikiquote	2015-10-12 00:00:00
project	es.wikisource	2015-10-12 00:00:00
project	es.wikiversity	2015-10-12 00:00:00
project	es.wikivoyage	2015-10-12 00:00:00
project	es.wiktionary	2015-10-12 00:00:00
project	et.wikibooks	2015-10-12 00:00:00
project	et.wikipedia	2015-10-12 00:00:00
project	et.wikiquote	2015-10-12 00:00:00
project	et.wikisource	2015-10-12 00:00:00
project	et.wiktionary	2015-10-12 00:00:00
project	eu.wikibooks	2015-10-12 00:00:00
project	eu.wikipedia	2015-10-12 00:00:00
project	eu.wikiquote	2015-10-12 00:00:00
project	eu.wikisource	2018-04-19 00:00:00
project	eu.wiktionary	2015-10-12 00:00:00
project	ext.wikipedia	2015-10-12 00:00:00
project	fa.wikibooks	2015-10-12 00:00:00
project	fa.wikinews	2015-10-12 00:00:00
project	fa.wikipedia	2015-10-12 00:00:00
project	fa.wikiquote	2015-10-12 00:00:00
project	fa.wikisource	2015-10-12 00:00:00
project	fa.wikivoyage	2015-10-12 00:00:00
project	fa.wiktionary	2015-10-12 00:00:00
project	fat.wikipedia	2023-04-19 00:00:00
project	fdc.wikimedia	2018-05-22 00:00:00
project	ff.wikipedia	2015-10-12 00:00:00
project	fi.wikibooks	2015-10-12 00:00:00
project	fi.wikimedia	2016-11-01 00:00:00
project	fi.wikinews	2015-10-12 00:00:00
project	fi.wikipedia	2015-10-12 00:00:00
project	fi.wikiquote	2015-10-12 00:00:00
project	fi.wikisource	2015-10-12 00:00:00
project	fi.wikiversity	2015-10-12 00:00:00
project	fi.wikivoyage	2016-12-01 00:00:00
project	fi.wiktionary	2015-10-12 00:00:00
project	fiu-vro.wikipedia	2015-10-12 00:00:00
project	fixcopyright.wikimedia	2018-09-04 00:00:00
project	fj.wikipedia	2015-10-12 00:00:00
project	fj.wiktionary	2015-10-12 00:00:00
project	fo.wikipedia	2015-10-12 00:00:00
project	fo.wikisource	2015-10-12 00:00:00
project	fo.wiktionary	2015-10-12 00:00:00
project	fon.wikipedia	2023-10-03 00:00:00
project	foundation.wikimedia	2018-07-24 00:00:00
project	fr.wikibooks	2015-10-12 00:00:00
project	fr.wikinews	2015-10-12 00:00:00
project	fr.wikipedia	2015-10-12 00:00:00
project	fr.wikiquote	2015-10-12 00:00:00
project	fr.wikisource	2015-10-12 00:00:00
project	fr.wikiversity	2015-10-12 00:00:00
project	fr.wikivoyage	2015-10-12 00:00:00
project	fr.wiktionary	2015-10-12 00:00:00
project	frp.wikipedia	2015-10-12 00:00:00
project	frr.wikipedia	2015-10-12 00:00:00
project	fur.wikipedia	2015-10-12 00:00:00
project	fy.wikibooks	2015-10-12 00:00:00
project	fy.wikipedia	2015-10-12 00:00:00
project	fy.wiktionary	2015-10-12 00:00:00
project	ga.wikibooks	2015-10-12 00:00:00
project	ga.wikipedia	2015-10-12 00:00:00
project	ga.wikiquote	2015-10-12 00:00:00
project	ga.wiktionary	2015-10-12 00:00:00
project	gag.wikipedia	2015-10-12 00:00:00
project	gan.wikipedia	2015-10-12 00:00:00
project	gcr.wikipedia	2019-11-21 00:00:00
project	gd.wikipedia	2015-10-12 00:00:00
project	gd.wiktionary	2015-10-12 00:00:00
project	ge.wikimedia	2019-11-20 00:00:00
project	gl.wikibooks	2015-10-12 00:00:00
project	gl.wikipedia	2015-10-12 00:00:00
project	gl.wikiquote	2015-10-12 00:00:00
project	gl.wikisource	2015-10-12 00:00:00
project	gl.wiktionary	2015-10-12 00:00:00
project	glk.wikipedia	2015-10-12 00:00:00
project	gn.wikibooks	2015-10-12 00:00:00
project	gn.wikipedia	2015-10-12 00:00:00
project	gn.wiktionary	2015-10-12 00:00:00
project	gom.wikipedia	2015-10-12 00:00:00
project	gom.wiktionary	2020-05-20 12:00:00
project	gor.wikipedia	2018-04-18 00:00:00
project	gor.wiktionary	2023-01-04 00:00:00
project	got.wikibooks	2015-10-12 00:00:00
project	got.wikipedia	2015-10-12 00:00:00
project	gpe.wikipedia	2023-05-04 00:00:00
project	gr.wikimedia	2015-10-12 00:00:00
project	gr.wikimedia	2020-04-06 00:00:00
project	gu.wikibooks	2015-10-12 00:00:00
project	gu.wikipedia	2015-10-12 00:00:00
project	gu.wikiquote	2015-10-12 00:00:00
project	gu.wikisource	2015-10-12 00:00:00
project	gu.wiktionary	2015-10-12 00:00:00
project	guc.wikipedia	2023-01-04 00:00:00
project	gur.wikipedia	2023-01-25 00:00:00
project	guw.wikinews	2023-04-25 00:00:00
project	guw.wikipedia	2022-03-23 00:00:00
project	guw.wikiquote	2022-10-20 00:00:00
project	guw.wiktionary	2022-05-23 00:00:00
project	gv.wikipedia	2015-10-12 00:00:00
project	gv.wiktionary	2015-10-12 00:00:00
project	ha.wikipedia	2015-10-12 00:00:00
project	ha.wiktionary	2015-10-12 00:00:00
project	hak.wikipedia	2015-10-12 00:00:00
project	haw.wikipedia	2015-10-12 00:00:00
project	he.wikibooks	2015-10-12 00:00:00
project	he.wikinews	2015-10-12 00:00:00
project	he.wikipedia	2015-10-12 00:00:00
project	he.wikiquote	2015-10-12 00:00:00
project	he.wikisource	2015-10-12 00:00:00
project	he.wikivoyage	2015-10-12 00:00:00
project	he.wiktionary	2015-10-12 00:00:00
project	hi.wikibooks	2015-10-12 00:00:00
project	hi.wikimedia	2018-03-16 00:00:00
project	hi.wikipedia	2015-10-12 00:00:00
project	hi.wikiquote	2015-10-12 00:00:00
project	hi.wikisource	2019-03-27 00:00:00
project	hi.wikiversity	2017-08-13 00:00:00
project	hi.wikivoyage	2017-08-10 00:00:00
project	hi.wiktionary	2015-10-12 00:00:00
project	hif.wikipedia	2015-10-12 00:00:00
project	hif.wiktionary	2017-11-06 00:00:00
project	ho.wikipedia	2015-10-12 00:00:00
project	hr.wikibooks	2015-10-12 00:00:00
project	hr.wikipedia	2015-10-12 00:00:00
project	hr.wikiquote	2015-10-12 00:00:00
project	hr.wikisource	2015-10-12 00:00:00
project	hr.wiktionary	2015-10-12 00:00:00
project	hsb.wikipedia	2015-10-12 00:00:00
project	hsb.wiktionary	2015-10-12 00:00:00
project	ht.wikipedia	2015-10-12 00:00:00
project	ht.wikisource	2015-10-12 00:00:00
project	hu.wikibooks	2015-10-12 00:00:00
project	hu.wikinews	2015-10-12 00:00:00
project	hu.wikipedia	2015-10-12 00:00:00
project	hu.wikiquote	2015-10-12 00:00:00
project	hu.wikisource	2015-10-12 00:00:00
project	hu.wiktionary	2015-10-12 00:00:00
project	hy.wikibooks	2015-10-12 00:00:00
project	hy.wikipedia	2015-10-12 00:00:00
project	hy.wikiquote	2015-10-12 00:00:00
project	hy.wikisource	2015-10-12 00:00:00
project	hy.wiktionary	2015-10-12 00:00:00
project	hyw.wikipedia	2019-03-28 00:00:00
project	hz.wikipedia	2015-10-12 00:00:00
project	ia.wikibooks	2015-10-12 00:00:00
project	ia.wikipedia	2015-10-12 00:00:00
project	ia.wiktionary	2015-10-12 00:00:00
project	id.wikibooks	2015-10-12 00:00:00
project	id.wikimedia	2018-05-02 00:00:00
project	id.wikipedia	2015-10-12 00:00:00
project	id.wikiquote	2015-10-12 00:00:00
project	id.wikisource	2015-10-12 00:00:00
project	id.wiktionary	2015-10-12 00:00:00
project	ie.wikibooks	2015-10-12 00:00:00
project	ie.wikipedia	2015-10-12 00:00:00
project	ie.wiktionary	2015-10-12 00:00:00
project	ig.wikipedia	2015-10-12 00:00:00
project	ig.wikiquote	2022-08-05 00:00:00
project	ig.wiktionary	2022-08-05 00:00:00
project	ii.wikipedia	2015-10-12 00:00:00
project	ik.wikipedia	2015-10-12 00:00:00
project	ik.wiktionary	2015-10-12 00:00:00
project	il.wikimedia	2016-11-01 00:00:00
project	ilo.wikipedia	2015-10-12 00:00:00
project	in-tech.wikimedia	2021-01-08 00:00:00
project	incubator.wikimedia	2015-10-12 00:00:00
project	incubator.wikipedia	2020-05-07 00:00:00
project	inh.wikipedia	2018-04-19 00:00:00
project	io.wikipedia	2015-10-12 00:00:00
project	io.wiktionary	2015-10-12 00:00:00
project	is.wikibooks	2015-10-12 00:00:00
project	is.wikipedia	2015-10-12 00:00:00
project	is.wikiquote	2015-10-12 00:00:00
project	is.wikisource	2015-10-12 00:00:00
project	is.wiktionary	2015-10-12 00:00:00
project	it.wikibooks	2015-10-12 00:00:00
project	it.wikinews	2015-10-12 00:00:00
project	it.wikipedia	2015-10-12 00:00:00
project	it.wikiquote	2015-10-12 00:00:00
project	it.wikisource	2015-10-12 00:00:00
project	it.wikiversity	2015-10-12 00:00:00
project	it.wikivoyage	2015-10-12 00:00:00
project	it.wiktionary	2015-10-12 00:00:00
project	iu.wikipedia	2015-10-12 00:00:00
project	iu.wiktionary	2015-10-12 00:00:00
project	ja.wikibooks	2015-10-12 00:00:00
project	ja.wikinews	2015-10-12 00:00:00
project	ja.wikipedia	2015-10-12 00:00:00
project	ja.wikiquote	2015-10-12 00:00:00
project	ja.wikisource	2015-10-12 00:00:00
project	ja.wikiversity	2015-10-12 00:00:00
project	ja.wikivoyage	2020-08-28 00:00:00
project	ja.wiktionary	2015-10-12 00:00:00
project	jam.wikipedia	2015-10-12 00:00:00
project	jbo.wikipedia	2015-10-12 00:00:00
project	jbo.wiktionary	2015-10-12 00:00:00
project	jv.wikipedia	2015-10-12 00:00:00
project	jv.wikisource	2021-07-06 00:00:00
project	jv.wiktionary	2015-10-12 00:00:00
project	ka.wikibooks	2015-10-12 00:00:00
project	ka.wikipedia	2015-10-12 00:00:00
project	ka.wikiquote	2015-10-12 00:00:00
project	ka.wiktionary	2015-10-12 00:00:00
project	kaa.wikipedia	2015-10-12 00:00:00
project	kab.wikipedia	2015-10-12 00:00:00
project	kbd.wikipedia	2015-10-12 00:00:00
project	kbd.wiktionary	2023-04-25 00:00:00
project	kbp.wikipedia	2017-06-22 00:00:00
project	kcg.wikipedia	2022-04-01 00:00:00
project	kcg.wiktionary	2023-04-14 00:00:00
project	kg.wikipedia	2015-10-12 00:00:00
project	ki.wikipedia	2015-10-12 00:00:00
project	kj.wikipedia	2015-10-12 00:00:00
project	kk.wikibooks	2015-10-12 00:00:00
project	kk.wikipedia	2015-10-12 00:00:00
project	kk.wikiquote	2015-10-12 00:00:00
project	kk.wiktionary	2015-10-12 00:00:00
project	kl.wikipedia	2015-10-12 00:00:00
project	kl.wiktionary	2015-10-12 00:00:00
project	km.wikibooks	2015-10-12 00:00:00
project	km.wikipedia	2015-10-12 00:00:00
project	km.wiktionary	2015-10-12 00:00:00
project	kn.wikibooks	2015-10-12 00:00:00
project	kn.wikipedia	2015-10-12 00:00:00
project	kn.wikiquote	2015-10-12 00:00:00
project	kn.wikisource	2015-10-12 00:00:00
project	kn.wiktionary	2015-10-12 00:00:00
project	ko.wikibooks	2015-10-12 00:00:00
project	ko.wikinews	2015-10-12 00:00:00
project	ko.wikipedia	2015-10-12 00:00:00
project	ko.wikiquote	2015-10-12 00:00:00
project	ko.wikisource	2015-10-12 00:00:00
project	ko.wikiversity	2015-10-12 00:00:00
project	ko.wiktionary	2015-10-12 00:00:00
project	koi.wikipedia	2015-10-12 00:00:00
project	kr.wikipedia	2015-10-12 00:00:00
project	kr.wikiquote	2015-10-12 00:00:00
project	krc.wikipedia	2015-10-12 00:00:00
project	ks.wikibooks	2015-10-12 00:00:00
project	ks.wikipedia	2015-10-12 00:00:00
project	ks.wikiquote	2015-10-12 00:00:00
project	ks.wiktionary	2015-10-12 00:00:00
project	ksh.wikipedia	2015-10-12 00:00:00
project	ku.wikibooks	2015-10-12 00:00:00
project	ku.wikipedia	2015-10-12 00:00:00
project	ku.wikiquote	2015-10-12 00:00:00
project	ku.wiktionary	2015-10-12 00:00:00
project	kv.wikipedia	2015-10-12 00:00:00
project	kw.wikipedia	2015-10-12 00:00:00
project	kw.wikiquote	2015-10-12 00:00:00
project	kw.wiktionary	2015-10-12 00:00:00
project	ky.wikibooks	2015-10-12 00:00:00
project	ky.wikipedia	2015-10-12 00:00:00
project	ky.wikiquote	2015-10-12 00:00:00
project	ky.wiktionary	2015-10-12 00:00:00
project	la.wikibooks	2015-10-12 00:00:00
project	la.wikipedia	2015-10-12 00:00:00
project	la.wikiquote	2015-10-12 00:00:00
project	la.wikisource	2015-10-12 00:00:00
project	la.wiktionary	2015-10-12 00:00:00
project	lad.wikipedia	2015-10-12 00:00:00
project	lb.wikibooks	2015-10-12 00:00:00
project	lb.wikipedia	2015-10-12 00:00:00
project	lb.wikiquote	2015-10-12 00:00:00
project	lb.wiktionary	2015-10-12 00:00:00
project	lbe.wikipedia	2015-10-12 00:00:00
project	lez.wikipedia	2015-10-12 00:00:00
project	lfn.wikipedia	2018-04-18 00:00:00
project	lg.wikipedia	2015-10-12 00:00:00
project	li.wikibooks	2015-10-12 00:00:00
project	li.wikinews	2018-11-14 00:00:00
project	li.wikipedia	2015-10-12 00:00:00
project	li.wikiquote	2015-10-12 00:00:00
project	li.wikisource	2015-10-12 00:00:00
project	li.wiktionary	2015-10-12 00:00:00
project	lij.wikipedia	2015-10-12 00:00:00
project	lij.wikisource	2020-07-20 00:00:00
project	lld.wikipedia	2020-08-17 13:00:00
project	lmo.wikipedia	2015-10-12 00:00:00
project	lmo.wiktionary	2021-10-28 00:00:00
project	ln.wikibooks	2015-10-12 00:00:00
project	ln.wikipedia	2015-10-12 00:00:00
project	ln.wiktionary	2015-10-12 00:00:00
project	lo.wikipedia	2015-10-12 00:00:00
project	lo.wiktionary	2015-10-12 00:00:00
project	lrc.wikipedia	2015-10-12 00:00:00
project	lt.wikibooks	2015-10-12 00:00:00
project	lt.wikipedia	2015-10-12 00:00:00
project	lt.wikiquote	2015-10-12 00:00:00
project	lt.wikisource	2015-10-12 00:00:00
project	lt.wiktionary	2015-10-12 00:00:00
project	ltg.wikipedia	2015-10-12 00:00:00
project	lv.wikibooks	2015-10-12 00:00:00
project	lv.wikipedia	2015-10-12 00:00:00
project	lv.wiktionary	2015-10-12 00:00:00
project	mad.wikipedia	2020-12-04 00:00:00
project	mai.wikimedia	2018-05-21 00:00:00
project	mai.wikipedia	2015-10-12 00:00:00
project	map-bms.wikipedia	2015-10-12 00:00:00
project	mdf.wikipedia	2015-10-12 00:00:00
project	mediawiki	2015-10-12 00:00:00
project	meta.wikidata	2022-07-26 00:00:00
project	meta.wikimedia	2015-10-12 00:00:00
project	mg.wikibooks	2015-10-12 00:00:00
project	mg.wikipedia	2015-10-12 00:00:00
project	mg.wiktionary	2015-10-12 00:00:00
project	mh.wikipedia	2015-10-12 00:00:00
project	mh.wiktionary	2015-10-12 00:00:00
project	mhr.wikipedia	2015-10-12 00:00:00
project	mi.wikibooks	2015-10-12 00:00:00
project	mi.wikipedia	2015-10-12 00:00:00
project	mi.wiktionary	2015-10-12 00:00:00
project	min.wikipedia	2015-10-12 00:00:00
project	min.wiktionary	2019-11-21 00:00:00
project	mk.wikibooks	2015-10-12 00:00:00
project	mk.wikimedia	2016-11-01 00:00:00
project	mk.wikipedia	2015-10-12 00:00:00
project	mk.wikisource	2015-10-12 00:00:00
project	mk.wiktionary	2015-10-12 00:00:00
project	ml.wikibooks	2015-10-12 00:00:00
project	ml.wikipedia	2015-10-12 00:00:00
project	ml.wikiquote	2015-10-12 00:00:00
project	ml.wikisource	2015-10-12 00:00:00
project	ml.wiktionary	2015-10-12 00:00:00
project	mn.wikibooks	2015-10-12 00:00:00
project	mn.wikipedia	2015-10-12 00:00:00
project	mn.wiktionary	2015-10-12 00:00:00
project	mni.wikipedia	2021-02-01 00:00:00
project	mni.wiktionary	2021-02-01 00:00:00
project	mnw.wikipedia	2019-11-04 00:00:00
project	mnw.wiktionary	2021-03-01 00:00:00
project	mo.wikipedia	2015-10-12 00:00:00
project	mo.wiktionary	2015-10-12 00:00:00
project	mr.wikibooks	2015-10-12 00:00:00
project	mr.wikipedia	2015-10-12 00:00:00
project	mr.wikiquote	2015-10-12 00:00:00
project	mr.wikisource	2015-10-12 00:00:00
project	mr.wiktionary	2015-10-12 00:00:00
project	mrj.wikipedia	2015-10-12 00:00:00
project	ms.wikibooks	2015-10-12 00:00:00
project	ms.wikipedia	2015-10-12 00:00:00
project	ms.wiktionary	2015-10-12 00:00:00
project	mt.wikipedia	2015-10-12 00:00:00
project	mt.wiktionary	2015-10-12 00:00:00
project	mus.wikipedia	2015-10-12 00:00:00
project	mwl.wikipedia	2015-10-12 00:00:00
project	mx.wikimedia	2016-11-01 00:00:00
project	my.wikibooks	2015-10-12 00:00:00
project	my.wikipedia	2015-10-12 00:00:00
project	my.wiktionary	2015-10-12 00:00:00
project	myv.wikipedia	2015-10-12 00:00:00
project	mzn.wikipedia	2015-10-12 00:00:00
project	na.wikibooks	2015-10-12 00:00:00
project	na.wikipedia	2015-10-12 00:00:00
project	na.wikiquote	2015-10-12 00:00:00
project	na.wiktionary	2015-10-12 00:00:00
project	nah.wikibooks	2015-10-12 00:00:00
project	nah.wikipedia	2015-10-12 00:00:00
project	nah.wiktionary	2015-10-12 00:00:00
project	nap.wikipedia	2015-10-12 00:00:00
project	nap.wikisource	2018-12-11 00:00:00
project	nds-nl.wikipedia	2015-10-12 00:00:00
project	nds.wikibooks	2015-10-12 00:00:00
project	nds.wikipedia	2015-10-12 00:00:00
project	nds.wikiquote	2015-10-12 00:00:00
project	nds.wiktionary	2015-10-12 00:00:00
project	ne.wikibooks	2015-10-12 00:00:00
project	ne.wikipedia	2015-10-12 00:00:00
project	ne.wiktionary	2015-10-12 00:00:00
project	new.wikipedia	2015-10-12 00:00:00
project	ng.wikimedia	2020-01-16 00:00:00
project	ng.wikipedia	2015-10-12 00:00:00
project	nia.wikipedia	2020-12-17 00:00:00
project	nia.wiktionary	2020-12-17 00:00:00
project	nl.wikibooks	2015-10-12 00:00:00
project	nl.wikimedia	2016-10-20 00:00:00
project	nl.wikinews	2015-10-12 00:00:00
project	nl.wikipedia	2015-10-12 00:00:00
project	nl.wikiquote	2015-10-12 00:00:00
project	nl.wikisource	2015-10-12 00:00:00
project	nl.wikivoyage	2015-10-12 00:00:00
project	nl.wiktionary	2015-10-12 00:00:00
project	nn.wikipedia	2015-10-12 00:00:00
project	nn.wikiquote	2015-10-12 00:00:00
project	nn.wiktionary	2015-10-12 00:00:00
project	no.wikibooks	2015-10-12 00:00:00
project	no.wikimedia	2016-11-01 00:00:00
project	no.wikinews	2015-10-12 00:00:00
project	no.wikipedia	2015-10-12 00:00:00
project	no.wikiquote	2015-10-12 00:00:00
project	no.wikisource	2015-10-12 00:00:00
project	no.wiktionary	2015-10-12 00:00:00
project	noc.wikimedia	2020-12-23 19:00:00
project	nostalgia.wikipedia	2015-10-12 00:00:00
project	nov.wikipedia	2015-10-12 00:00:00
project	nqo.wikipedia	2019-09-25 00:00:00
project	nrm.wikipedia	2015-10-12 00:00:00
project	nso.wikipedia	2015-10-12 00:00:00
project	nv.wikipedia	2015-10-12 00:00:00
project	ny.wikipedia	2015-10-12 00:00:00
project	nyc.wikimedia	2018-05-21 00-00-00
project	nz.wikimedia	2016-11-01 00:00:00
project	oc.wikibooks	2015-10-12 00:00:00
project	oc.wikipedia	2015-10-12 00:00:00
project	oc.wiktionary	2015-10-12 00:00:00
project	olo.wikipedia	2015-10-12 00:00:00
project	om.wikipedia	2015-10-12 00:00:00
project	om.wiktionary	2015-10-12 00:00:00
project	or.wikipedia	2015-10-12 00:00:00
project	or.wikisource	2015-10-12 00:00:00
project	or.wiktionary	2015-10-12 00:00:00
project	os.wikipedia	2015-10-12 00:00:00
project	outreach.wikimedia	2016-10-20 00:00:00
project	outreach.wikipedia	2020-05-07 00:00:00
project	pa.wikibooks	2015-10-12 00:00:00
project	pa.wikipedia	2015-10-12 00:00:00
project	pa.wikisource	2017-04-14 00:00:00
project	pa.wiktionary	2015-10-12 00:00:00
project	pag.wikipedia	2015-10-12 00:00:00
project	pam.wikipedia	2015-10-12 00:00:00
project	pap.wikipedia	2015-10-12 00:00:00
project	pcd.wikipedia	2015-10-12 00:00:00
project	pcm.wikipedia	2022-06-17 00:00:00
project	pdc.wikipedia	2015-10-12 00:00:00
project	pfl.wikipedia	2015-10-12 00:00:00
project	pi.wikipedia	2015-10-12 00:00:00
project	pi.wiktionary	2015-10-12 00:00:00
project	pih.wikipedia	2015-10-12 00:00:00
project	pk.wikimedia	2023-08-02 00:00:00
project	pl.wikibooks	2015-10-12 00:00:00
project	pl.wikimedia	2016-11-01 00:00:00
project	pl.wikinews	2015-10-12 00:00:00
project	pl.wikipedia	2015-10-12 00:00:00
project	pl.wikiquote	2015-10-12 00:00:00
project	pl.wikisource	2015-10-12 00:00:00
project	pl.wikivoyage	2015-10-12 00:00:00
project	pl.wiktionary	2015-10-12 00:00:00
project	pms.wikipedia	2015-10-12 00:00:00
project	pms.wikisource	2018-06-07 00:00:00
project	pnb.wikipedia	2015-10-12 00:00:00
project	pnb.wiktionary	2015-10-12 00:00:00
project	pnt.wikipedia	2015-10-12 00:00:00
project	project	2015-10-12 00:00:00
project	ps.wikibooks	2015-10-12 00:00:00
project	ps.wikipedia	2015-10-12 00:00:00
project	ps.wikivoyage	2018-06-07 00:00:00
project	ps.wiktionary	2015-10-12 00:00:00
project	pt.wikibooks	2015-10-12 00:00:00
project	pt.wikimedia	2017-04-25 00:00:00
project	pt.wikinews	2015-10-12 00:00:00
project	pt.wikipedia	2015-10-12 00:00:00
project	pt.wikiquote	2015-10-12 00:00:00
project	pt.wikisource	2015-10-12 00:00:00
project	pt.wikiversity	2015-10-12 00:00:00
project	pt.wikivoyage	2015-10-12 00:00:00
project	pt.wiktionary	2015-10-12 00:00:00
project	pwn.wikipedia	2021-10-28 00:00:00
project	qu.wikibooks	2015-10-12 00:00:00
project	qu.wikipedia	2015-10-12 00:00:00
project	qu.wikiquote	2015-10-12 00:00:00
project	qu.wiktionary	2015-10-12 00:00:00
project	rm.wikibooks	2015-10-12 00:00:00
project	rm.wikipedia	2015-10-12 00:00:00
project	rm.wiktionary	2015-10-12 00:00:00
project	rmy.wikipedia	2015-10-12 00:00:00
project	rn.wikipedia	2015-10-12 00:00:00
project	rn.wiktionary	2015-10-12 00:00:00
project	ro.wikibooks	2015-10-12 00:00:00
project	ro.wikinews	2015-10-12 00:00:00
project	ro.wikipedia	2015-10-12 00:00:00
project	ro.wikiquote	2015-10-12 00:00:00
project	ro.wikisource	2015-10-12 00:00:00
project	ro.wikivoyage	2015-10-12 00:00:00
project	ro.wiktionary	2015-10-12 00:00:00
project	roa-rup.wikipedia	2015-10-12 00:00:00
project	roa-rup.wiktionary	2015-10-12 00:00:00
project	roa-tara.wikipedia	2015-10-12 00:00:00
project	rs.wikimedia	2016-11-01 00:00:00
project	ru.wikibooks	2015-10-12 00:00:00
project	ru.wikidata	2017-08-01 00:00:00
project	ru.wikimedia	2016-10-20 00:00:00
project	ru.wikinews	2015-10-12 00:00:00
project	ru.wikipedia	2015-10-12 00:00:00
project	ru.wikiquote	2015-10-12 00:00:00
project	ru.wikisource	2015-10-12 00:00:00
project	ru.wikiversity	2015-10-12 00:00:00
project	ru.wikivoyage	2015-10-12 00:00:00
project	ru.wiktionary	2015-10-12 00:00:00
project	rue.wikipedia	2015-10-12 00:00:00
project	rw.wikipedia	2015-10-12 00:00:00
project	rw.wiktionary	2015-10-12 00:00:00
project	sa.wikibooks	2015-10-12 00:00:00
project	sa.wikipedia	2015-10-12 00:00:00
project	sa.wikiquote	2015-10-12 00:00:00
project	sa.wikisource	2015-10-12 00:00:00
project	sa.wiktionary	2015-10-12 00:00:00
project	sah.wikipedia	2015-10-12 00:00:00
project	sah.wikiquote	2018-06-07 00:00:00
project	sah.wikisource	2015-10-12 00:00:00
project	sat.wikipedia	2018-08-02 00:00:00
project	sc.wikipedia	2015-10-12 00:00:00
project	sc.wiktionary	2015-10-12 00:00:00
project	scn.wikipedia	2015-10-12 00:00:00
project	scn.wiktionary	2015-10-12 00:00:00
project	sco.wikipedia	2015-10-12 00:00:00
project	sd.wikinews	2015-10-12 00:00:00
project	sd.wikipedia	2015-10-12 00:00:00
project	sd.wiktionary	2015-10-12 00:00:00
project	se.wikibooks	2015-10-12 00:00:00
project	se.wikimedia	2016-11-01 00:00:00
project	se.wikipedia	2015-10-12 00:00:00
project	sg.wikipedia	2015-10-12 00:00:00
project	sg.wiktionary	2015-10-12 00:00:00
project	sh.wikipedia	2015-10-12 00:00:00
project	sh.wiktionary	2015-10-12 00:00:00
project	shi.wikipedia	2021-06-14 00:00:00
project	shn.wikibooks	2022-10-20 00:00:00
project	shn.wikipedia	2018-11-14 00:00:00
project	shn.wikivoyage	2022-03-23 00:00:00
project	shn.wiktionary	2020-06-22 00:00:00
project	shy.wiktionary	2019-11-21 00:00:00
project	si.wikibooks	2015-10-12 00:00:00
project	si.wikipedia	2015-10-12 00:00:00
project	si.wiktionary	2015-10-12 00:00:00
project	simple.wikibooks	2015-10-12 00:00:00
project	simple.wikipedia	2015-10-12 00:00:00
project	simple.wikiquote	2015-10-12 00:00:00
project	simple.wiktionary	2015-10-12 00:00:00
project	sk.wikibooks	2015-10-12 00:00:00
project	sk.wikipedia	2015-10-12 00:00:00
project	sk.wikiquote	2015-10-12 00:00:00
project	sk.wikisource	2015-10-12 00:00:00
project	sk.wiktionary	2015-10-12 00:00:00
project	skr.wikipedia	2020-11-22 00:00:00
project	skr.wiktionary	2020-11-23 00:00:00
project	sl.wikibooks	2015-10-12 00:00:00
project	sl.wikipedia	2015-10-12 00:00:00
project	sl.wikiquote	2015-10-12 00:00:00
project	sl.wikisource	2015-10-12 00:00:00
project	sl.wikiversity	2015-10-12 00:00:00
project	sl.wiktionary	2015-10-12 00:00:00
project	slo.wikimedia	2023-10-31 00:00:00
project	sm.wikipedia	2015-10-12 00:00:00
project	sm.wiktionary	2015-10-12 00:00:00
project	smn.wikipedia	2020-10-08 00:00:00
project	sn.wikipedia	2015-10-12 00:00:00
project	sn.wiktionary	2015-10-12 00:00:00
project	so.wikipedia	2015-10-12 00:00:00
project	so.wiktionary	2015-10-12 00:00:00
project	species.wikimedia	2015-10-12 00:00:00
project	sq.wikibooks	2015-10-12 00:00:00
project	sq.wikinews	2015-10-12 00:00:00
project	sq.wikipedia	2015-10-12 00:00:00
project	sq.wikiquote	2015-10-12 00:00:00
project	sq.wiktionary	2015-10-12 00:00:00
project	sr.wikibooks	2015-10-12 00:00:00
project	sr.wikinews	2015-10-12 00:00:00
project	sr.wikipedia	2015-10-12 00:00:00
project	sr.wikiquote	2015-10-12 00:00:00
project	sr.wikisource	2015-10-12 00:00:00
project	sr.wiktionary	2015-10-12 00:00:00
project	srn.wikipedia	2015-10-12 00:00:00
project	ss.wikipedia	2015-10-12 00:00:00
project	ss.wiktionary	2015-10-12 00:00:00
project	st.wikipedia	2015-10-12 00:00:00
project	st.wiktionary	2015-10-12 00:00:00
project	stq.wikipedia	2015-10-12 00:00:00
project	strategy.wikimedia	2018-09-04 00:00:00
project	su.wikibooks	2015-10-12 00:00:00
project	su.wikipedia	2015-10-12 00:00:00
project	su.wikiquote	2015-10-12 00:00:00
project	su.wikisource	2023-08-04 00:00:00
project	su.wiktionary	2015-10-12 00:00:00
project	sv.wikibooks	2015-10-12 00:00:00
project	sv.wikinews	2015-10-12 00:00:00
project	sv.wikipedia	2015-10-12 00:00:00
project	sv.wikiquote	2015-10-12 00:00:00
project	sv.wikisource	2015-10-12 00:00:00
project	sv.wikiversity	2015-10-12 00:00:00
project	sv.wikivoyage	2015-10-12 00:00:00
project	sv.wiktionary	2015-10-12 00:00:00
project	sw.wikibooks	2015-10-12 00:00:00
project	sw.wikipedia	2015-10-12 00:00:00
project	sw.wiktionary	2015-10-12 00:00:00
project	szl.wikipedia	2015-10-12 00:00:00
project	szy.wikipedia	2019-11-21 00:00:00
project	ta.wikibooks	2015-10-12 00:00:00
project	ta.wikinews	2015-10-12 00:00:00
project	ta.wikipedia	2015-10-12 00:00:00
project	ta.wikiquote	2015-10-12 00:00:00
project	ta.wikisource	2015-10-12 00:00:00
project	ta.wiktionary	2015-10-12 00:00:00
project	tay.wikipedia	2021-02-26 00:00:00
project	tcy.wikipedia	2016-08-05 00:00:00
project	te.wikibooks	2015-10-12 00:00:00
project	te.wikipedia	2015-10-12 00:00:00
project	te.wikiquote	2015-10-12 00:00:00
project	te.wikisource	2015-10-12 00:00:00
project	te.wiktionary	2015-10-12 00:00:00
project	ten.wikipedia	2015-10-12 00:00:00
project	test.wikipedia	2017-03-15 00:00:00
project	test2.wikipedia	2017-03-21 00:00:00
project	tet.wikipedia	2015-10-12 00:00:00
project	tg.wikibooks	2015-10-12 00:00:00
project	tg.wikipedia	2015-10-12 00:00:00
project	tg.wiktionary	2015-10-12 00:00:00
project	th.wikibooks	2015-10-12 00:00:00
project	th.wikinews	2015-10-12 00:00:00
project	th.wikipedia	2015-10-12 00:00:00
project	th.wikiquote	2015-10-12 00:00:00
project	th.wikisource	2015-10-12 00:00:00
project	th.wiktionary	2015-10-12 00:00:00
project	thankyou.wikipedia	2020-08-17 13:00:00
project	ti.wikipedia	2015-10-12 00:00:00
project	ti.wiktionary	2015-10-12 00:00:00
project	tk.wikibooks	2015-10-12 00:00:00
project	tk.wikipedia	2015-10-12 00:00:00
project	tk.wikiquote	2015-10-12 00:00:00
project	tk.wiktionary	2015-10-12 00:00:00
project	tl.wikibooks	2015-10-12 00:00:00
project	tl.wikipedia	2015-10-12 00:00:00
project	tl.wikiquote	2022-09-06 00:00:00
project	tl.wiktionary	2015-10-12 00:00:00
project	tly.wikipedia	2023-08-29 00:00:00
project	tn.wikipedia	2015-10-12 00:00:00
project	tn.wiktionary	2015-10-12 00:00:00
project	to.wikipedia	2015-10-12 00:00:00
project	to.wiktionary	2015-10-12 00:00:00
project	tpi.wikipedia	2015-10-12 00:00:00
project	tpi.wiktionary	2015-10-12 00:00:00
project	tr.wikibooks	2015-10-12 00:00:00
project	tr.wikimedia	2016-11-01 00:00:00
project	tr.wikinews	2015-10-12 00:00:00
project	tr.wikipedia	2015-10-12 00:00:00
project	tr.wikiquote	2015-10-12 00:00:00
project	tr.wikisource	2015-10-12 00:00:00
project	tr.wikivoyage	2021-01-05 00:00:00
project	tr.wiktionary	2015-10-12 00:00:00
project	trv.wikipedia	2021-03-02 00:00:00
project	ts.wikipedia	2015-10-12 00:00:00
project	ts.wiktionary	2015-10-12 00:00:00
project	tt.wikibooks	2015-10-12 00:00:00
project	tt.wikipedia	2015-10-12 00:00:00
project	tt.wikiquote	2015-10-12 00:00:00
project	tt.wiktionary	2015-10-12 00:00:00
project	tum.wikipedia	2015-10-12 00:00:00
project	tw.wikipedia	2015-10-12 00:00:00
project	tw.wiktionary	2015-10-12 00:00:00
project	ty.wikipedia	2015-10-12 00:00:00
project	tyv.wikipedia	2015-10-12 00:00:00
project	ua.wikimedia	2016-11-01 00:00:00
project	udm.wikipedia	2015-10-12 00:00:00
project	ug.wikibooks	2015-10-12 00:00:00
project	ug.wikipedia	2015-10-12 00:00:00
project	ug.wikiquote	2015-10-12 00:00:00
project	ug.wiktionary	2015-10-12 00:00:00
project	uk.wikibooks	2015-10-12 00:00:00
project	uk.wikinews	2015-10-12 00:00:00
project	uk.wikipedia	2015-10-12 00:00:00
project	uk.wikiquote	2015-10-12 00:00:00
project	uk.wikisource	2015-10-12 00:00:00
project	uk.wikivoyage	2015-10-12 00:00:00
project	uk.wiktionary	2015-10-12 00:00:00
project	ur.wikibooks	2015-10-12 00:00:00
project	ur.wikipedia	2015-10-12 00:00:00
project	ur.wikiquote	2015-10-12 00:00:00
project	ur.wiktionary	2015-10-12 00:00:00
project	usability.wikimedia	2018-08-28 00:00:00
project	uz.wikibooks	2015-10-12 00:00:00
project	uz.wikimedia	2021-01-02 00:00:00
project	uz.wikipedia	2015-10-12 00:00:00
project	uz.wikiquote	2015-10-12 00:00:00
project	uz.wiktionary	2015-10-12 00:00:00
project	ve.wikimedia	2022-10-16 00:00:00
project	ve.wikipedia	2015-10-12 00:00:00
project	vec.wikipedia	2015-10-12 00:00:00
project	vec.wikisource	2015-10-12 00:00:00
project	vec.wiktionary	2015-10-12 00:00:00
project	vep.wikipedia	2015-10-12 00:00:00
project	vi.wikibooks	2015-10-12 00:00:00
project	vi.wikipedia	2015-10-12 00:00:00
project	vi.wikiquote	2015-10-12 00:00:00
project	vi.wikisource	2015-10-12 00:00:00
project	vi.wikivoyage	2015-10-12 00:00:00
project	vi.wiktionary	2015-10-12 00:00:00
project	vls.wikipedia	2015-10-12 00:00:00
project	vo.wikibooks	2015-10-12 00:00:00
project	vo.wikipedia	2015-10-12 00:00:00
project	vo.wikiquote	2015-10-12 00:00:00
project	vo.wiktionary	2015-10-12 00:00:00
project	wa.wikibooks	2015-10-12 00:00:00
project	wa.wikipedia	2015-10-12 00:00:00
project	wa.wikisource	2020-12-04 00:00:00
project	wa.wiktionary	2015-10-12 00:00:00
project	war.wikipedia	2015-10-12 00:00:00
project	wb.wikimedia	2017-04-14 00:00:00
project	wg-en.wikipedia	2015-10-12 00:00:00
project	wikidata	2015-10-12 00:00:00
project	wikifunctions	2023-07-26 00:00:00
project	wikimania.wikimedia	2020-03-12 00:00:00
project	wikimedia	2018-06-28 00:00:00
project	wikimediafoundation	2015-10-12 00:00:00
project	wikipedia	2018-07-23 00:00:00
project	wikisource	2015-10-12 00:00:00
project	wikitech.wikimedia	2018-12-21 00:00:00
project	wo.wikipedia	2015-10-12 00:00:00
project	wo.wikiquote	2015-10-12 00:00:00
project	wo.wiktionary	2015-10-12 00:00:00
project	wuu.wikipedia	2015-10-12 00:00:00
project	xal.wikipedia	2015-10-12 00:00:00
project	xh.wikibooks	2015-10-12 00:00:00
project	xh.wikipedia	2015-10-12 00:00:00
project	xh.wiktionary	2015-10-12 00:00:00
project	xmf.wikipedia	2015-10-12 00:00:00
project	yi.wikipedia	2015-10-12 00:00:00
project	yi.wikisource	2015-10-12 00:00:00
project	yi.wiktionary	2015-10-12 00:00:00
project	yo.wikibooks	2015-10-12 00:00:00
project	yo.wikipedia	2015-10-12 00:00:00
project	yo.wiktionary	2015-10-12 00:00:00
project	yue.wikibooks	2021-04-29 09:00:00
project	yue.wiktionary	2018-11-14 00:00:00
project	za.wikibooks	2015-10-12 00:00:00
project	za.wikimedia	2018-10-25 00:00:00
project	za.wikipedia	2015-10-12 00:00:00
project	za.wikiquote	2015-10-12 00:00:00
project	za.wiktionary	2015-10-12 00:00:00
project	zea.wikipedia	2015-10-12 00:00:00
project	zgh.wikipedia	2023-11-01 00:00:00
project	zh-classical.wikipedia	2015-10-12 00:00:00
project	zh-min-nan.wikibooks	2015-10-12 00:00:00
project	zh-min-nan.wikipedia	2015-10-12 00:00:00
project	zh-min-nan.wikiquote	2015-10-12 00:00:00
project	zh-min-nan.wikisource	2015-10-12 00:00:00
project	zh-min-nan.wiktionary	2015-10-12 00:00:00
project	zh-yue.wikipedia	2015-10-12 00:00:00
project	zh.wikibooks	2015-10-12 00:00:00
project	zh.wikidata	2018-03-10 00:00:00
project	zh.wikinews	2015-10-12 00:00:00
project	zh.wikipedia	2015-10-12 00:00:00
project	zh.wikiquote	2015-10-12 00:00:00
project	zh.wikisource	2015-10-12 00:00:00
project	zh.wikiversity	2018-08-02 00:00:00
project	zh.wikivoyage	2015-10-12 00:00:00
project	zh.wiktionary	2015-10-12 00:00:00
project	zu.wikibooks	2015-10-12 00:00:00
project	zu.wikipedia	2015-10-12 00:00:00
project	zu.wiktionary	2015-10-12 00:00:00
agent_type	automated	2020-03-09 00:00:00
agent_type	user	2015-10-12 00:00:00
agent_type	spider	2015-10-12 00:00:00
access_method	mobile app	2015-10-12 00:00:00
access_method	desktop	2015-10-12 00:00:00
access_method	mobile web	2015-10-12 00:00:00
